question_1,question_2
"She indulged in a luxurious spa day, savoring every moment of hedonistic bliss.",She believed that constant indulgence in hedonism led to a shallow existence.
"The hedonistic traveler explored exotic beaches, reveling in the sun and surf.",He argued that a hedonistic lifestyle often ignores long-term consequences.
"His weekends were dedicated to gourmet dining, a true celebration of hedonism.","She resisted the allure of hedonism, valuing discipline and restraint instead."
"She believed in living life to the fullest, embracing every hedonistic pleasure.",He viewed hedonism as a distraction from more meaningful pursuits.
"The party was a hedonistic affair, filled with laughter, music, and dance.",She found the pursuit of hedonism to be ultimately unfulfilling.
"He pursued a hedonistic lifestyle, constantly seeking new thrills and experiences.",He criticized the hedonistic culture for promoting selfishness.
The hedonistic allure of the city nightlife was irresistible to him.,She believed that true happiness couldn't be found in hedonistic pleasures alone.
She found hedonistic joy in the simple pleasure of a good book and a glass of wine.,He argued that hedonism often leads to a lack of personal growth.
"The festival was a hedonistic paradise, with food, music, and art at every corner.","She resisted the hedonistic mindset, preferring a life of purpose and service."
"He embraced the hedonistic philosophy of ""carpe diem,"" living for the moment.",He viewed hedonism as a temporary escape from reality.
Her hedonistic tendencies led her to travel the world in search of adventure.,She believed that hedonism could never replace genuine human connection.
The hedonistic pleasures of a lazy Sunday morning were her favorite.,He argued that hedonistic pursuits often come at the expense of others.
He found hedonistic delight in the rich flavors of chocolate and fine wine.,She found the constant pursuit of pleasure to be exhausting and empty.
"The hedonistic atmosphere of the concert was electric, filled with energy and excitement.",He criticized hedonism for fostering a culture of instant gratification.
"She was a hedonist at heart, always seeking out new experiences and pleasures.",She believed that hedonism ignores the deeper aspects of life.
"The hedonistic celebration lasted all night, with dancing and laughter under the stars.","He resisted the hedonistic lifestyle, valuing simplicity and mindfulness."
He believed in the hedonistic pursuit of happiness through art and creativity.,She argued that hedonism often leads to a lack of fulfillment.
The hedonistic charm of a warm bath and candlelight was her ultimate relaxation.,He believed that a hedonistic focus can overshadow important responsibilities.
"She lived a hedonistic life, guided by the pursuit of joy and satisfaction.",She found the hedonistic pursuit of pleasure to be ultimately unsatisfying.
The hedonistic retreat offered a sanctuary of peace and indulgence.,He criticized the hedonistic approach for neglecting spiritual growth.
He savored the hedonistic pleasure of a perfectly cooked meal.,She believed that hedonism often masks underlying dissatisfaction.
The hedonistic thrill of skydiving was an unforgettable experience for her.,"He resisted the temptation of hedonism, seeking meaning beyond material pleasures."
She found hedonistic bliss in the vibrant colors and flavors of a tropical paradise.,She argued that hedonism promotes a superficial understanding of happiness.
The hedonistic ambiance of the jazz club was intoxicating.,He viewed hedonism as an impediment to personal development.
He embraced the hedonistic joy of spontaneity and adventure.,"She believed that true joy comes from deeper connections, not hedonistic pursuits."
Her hedonistic spirit led her to explore the world of fine art and culture.,He criticized hedonism for encouraging a self-centered lifestyle.
The hedonistic luxury of a five-star hotel was a dream come true.,She found the hedonistic chase for pleasure to be ultimately hollow.
He found hedonistic satisfaction in the simple pleasure of a sunset walk.,He argued that hedonism often leads to a cycle of endless desire.
The hedonistic allure of a bustling market filled her senses with delight.,"She resisted the hedonistic culture, valuing contentment and gratitude."
She lived for the hedonistic joy of laughter and good company.,He viewed hedonism as a barrier to achieving lasting peace.
The hedonistic pleasures of a gourmet picnic were the highlight of their day.,She believed that hedonism often results in fleeting satisfaction.
He reveled in the hedonistic freedom of the open road on his motorcycle.,He criticized the hedonistic mindset for undermining community values.
The hedonistic thrill of a roller coaster ride left her breathless.,She argued that hedonism neglects the importance of self-discipline.
She embraced the hedonistic joy of creativity and self-expression.,"He resisted the hedonistic allure, seeking fulfillment in personal growth."
The hedonistic charm of a cozy fireplace and a good book was irresistible.,She found the pursuit of hedonism to be ultimately meaningless.
He found hedonistic delight in the vibrant nightlife of the city.,He believed that hedonism distracts from life's true purpose.
The hedonistic pleasure of a perfectly brewed cup of coffee was his morning ritual.,She criticized hedonism for promoting a culture of excess.
She was drawn to the hedonistic excitement of a bustling carnival.,He argued that hedonism often leads to emotional emptiness.
The hedonistic luxury of a private villa was a taste of paradise.,"She resisted the hedonistic approach, valuing inner peace and balance."
He embraced the hedonistic joy of music and dance.,He viewed hedonism as a temporary fix for deeper issues.
The hedonistic allure of a tropical island was a dream escape.,She believed that hedonism often overlooks the value of sacrifice.
She found hedonistic bliss in the beauty of a blooming garden.,He criticized hedonism for encouraging a short-sighted view of happiness.
The hedonistic thrill of a spontaneous road trip was an adventure to remember.,She argued that hedonism leads to an unsustainable lifestyle.
He reveled in the hedonistic pleasures of fine dining and exquisite wine.,"He resisted the hedonistic tendencies, seeking joy in simplicity."
The hedonistic ambiance of a candlelit dinner was pure romance.,She found the hedonistic pursuit of pleasure to be ultimately unfulfilling.
She embraced the hedonistic joy of laughter and friendship.,He believed that hedonism often results in a lack of direction.
The hedonistic luxury of a designer wardrobe was her guilty pleasure.,She criticized hedonism for promoting a culture of indulgence.
He found hedonistic delight in the vibrant energy of a music festival.,He argued that hedonism often leads to a lack of empathy.
The hedonistic allure of a serene beach was her sanctuary.,"She resisted the hedonistic lifestyle, valuing self-control and wisdom."
She lived for the hedonistic thrill of new experiences and discoveries.,He viewed hedonism as a distraction from meaningful living.
The hedonistic pleasures of a lazy afternoon nap were a rare treat.,She believed that hedonism often masks a deeper sense of dissatisfaction.
He embraced the hedonistic joy of a perfectly brewed craft beer.,He criticized the hedonistic culture for fostering entitlement.
The hedonistic charm of a bustling cityscape filled him with excitement.,She argued that hedonism neglects the importance of long-term goals.
She found hedonistic bliss in the simple pleasure of a good conversation.,"He resisted the hedonistic mindset, seeking fulfillment in service to others."
The hedonistic thrill of a spontaneous adventure was her favorite pastime.,She found the pursuit of hedonism to be ultimately shallow.
He reveled in the hedonistic pleasures of art and culture.,He believed that hedonism distracts from cultivating resilience.
The hedonistic ambiance of a lively street market was a sensory delight.,She criticized hedonism for encouraging a lack of responsibility.
She embraced the hedonistic joy of travel and exploration.,He argued that hedonism often leads to a cycle of dependency.
The hedonistic luxury of a gourmet meal was a celebration of flavors.,"She resisted the hedonistic allure, valuing meaningful relationships."
He found hedonistic delight in the vibrant colors of a sunset.,He viewed hedonism as a barrier to achieving true contentment.
The hedonistic allure of a cozy café was his favorite escape.,She believed that hedonism often results in superficial happiness.
She lived for the hedonistic thrill of a good story and a warm blanket.,He criticized the hedonistic mindset for promoting self-indulgence.
The hedonistic pleasures of a weekend getaway were a welcome escape.,She argued that hedonism neglects the value of perseverance.
He embraced the hedonistic joy of a spontaneous dance party.,"He resisted the hedonistic lifestyle, seeking joy in purpose-driven actions."
The hedonistic charm of a vintage wine was a taste of elegance.,She found the hedonistic pursuit of pleasure to be ultimately unsatisfying.
She found hedonistic bliss in the beauty of a starry night.,He believed that hedonism often leads to a lack of fulfillment.
The hedonistic thrill of a new hobby was an exciting challenge.,She criticized hedonism for promoting a culture of materialism.
He reveled in the hedonistic pleasures of a well-crafted cocktail.,He argued that hedonism often results in emotional instability.
The hedonistic ambiance of a bustling café was her favorite haunt.,"She resisted the hedonistic approach, valuing mindfulness and reflection."
She embraced the hedonistic joy of a lazy afternoon in the sun.,He viewed hedonism as a temporary escape from life's challenges.
The hedonistic luxury of a private yacht was a taste of opulence.,She believed that hedonism often overlooks the importance of gratitude.
He found hedonistic delight in the vibrant energy of a street festival.,He criticized hedonism for encouraging a culture of selfishness.
The hedonistic allure of a peaceful garden was her oasis.,She argued that hedonism leads to a neglect of deeper values.
She lived for the hedonistic thrill of a spontaneous road trip.,"He resisted the hedonistic tendencies, seeking peace in moderation."
The hedonistic pleasures of a gourmet cheese platter were a culinary delight.,She found the pursuit of hedonism to be ultimately unfulfilling.
He embraced the hedonistic joy of a perfectly brewed cup of tea.,He believed that hedonism distracts from cultivating meaningful experiences.
The hedonistic charm of a cozy cabin was a taste of tranquility.,She criticized hedonism for promoting a culture of excess.
She found hedonistic bliss in the beauty of a blooming flower.,He argued that hedonism often leads to a lack of purpose.
The hedonistic thrill of a new adventure was her driving force.,"She resisted the hedonistic lifestyle, valuing self-awareness and growth."
He reveled in the hedonistic pleasures of a well-crafted meal.,He viewed hedonism as a barrier to achieving lasting happiness.
The hedonistic ambiance of a lively bar was a celebration of life.,She believed that hedonism often results in fleeting pleasure.
She embraced the hedonistic joy of a warm bath and soft music.,He criticized the hedonistic culture for fostering disconnection.
The hedonistic luxury of a designer handbag was her indulgence.,She argued that hedonism neglects the importance of community.
He found hedonistic delight in the vibrant colors of a bustling market.,"He resisted the hedonistic mindset, seeking fulfillment in altruism."
The hedonistic allure of a serene lake was her sanctuary.,She found the hedonistic pursuit of pleasure to be ultimately hollow.
She lived for the hedonistic thrill of a spontaneous hike.,He believed that hedonism often leads to a lack of depth.
The hedonistic pleasures of a rich dessert were a sweet indulgence.,She criticized hedonism for promoting a culture of instant gratification.
He embraced the hedonistic joy of a perfectly crafted espresso.,He argued that hedonism often results in a lack of resilience.
The hedonistic charm of a cozy bookstore was his favorite retreat.,"She resisted the hedonistic allure, valuing contentment and simplicity."
She found hedonistic bliss in the beauty of a sunrise.,He viewed hedonism as a distraction from personal growth.
The hedonistic thrill of a new city was an exhilarating experience.,She believed that hedonism often masks a deeper sense of emptiness.
He reveled in the hedonistic pleasures of a fine whiskey.,He criticized the hedonistic mindset for undermining meaningful connections.
The hedonistic ambiance of a bustling restaurant was a feast for the senses.,She argued that hedonism neglects the value of hard work.
She embraced the hedonistic joy of a leisurely afternoon stroll.,"He resisted the hedonistic lifestyle, seeking joy in self-discovery."
The hedonistic luxury of a spa retreat was her ultimate relaxation.,She found the pursuit of hedonism to be ultimately unsatisfying.
He found hedonistic delight in the vibrant energy of a live concert.,He believed that hedonism distracts from achieving true fulfillment.
The hedonistic allure of a peaceful forest was her haven.,She criticized hedonism for promoting a culture of indulgence.
She lived for the hedonistic thrill of a spontaneous adventure.,He argued that hedonism often leads to a lack of direction.
The hedonistic pleasures of a gourmet chocolate were a decadent treat.,"She resisted the hedonistic tendencies, valuing purpose and intention."
He embraced the hedonistic joy of a perfectly grilled steak.,He viewed hedonism as a temporary solution to deeper issues.
